Team,Accuracy
Team 2,69.85232655335749
Team8,67.87405962663695
Team14,67.59543048202842
Team12 ,65.81220395653385
Team16,65.11563109501253
The rest of team 1,64.41905823349123
Team1,63.27667874059627
Team 13,61.79994427417108
Team11,60.57397603789356
submissions___Team(7),59.543048202842016
Team10,59.45945945945946
team9,57.42546670381722
Team15,48.87155196433547
TeamXX,46.97687378099749
Team18,30.53775424909445
Team6,17.027863777089784
